{"cameraMode":{"drawMode":0,"name":"Shaded","section":"Shading Mode"},"sceneLighting":true,"audioPlay":false,"sceneViewState":{"showFog":true,"showMaterialUpdate":false,"showSkybox":true,"showFlares":true,"showImageEffects":true,"showParticleSystems":true},"in2DMode":false,"pivot":{"x":-85.18673706054688,"y":-42.66090393066406,"z":90.4394302368164},"rotation":{"x":-0.07328777760267258,"y":0.5984933376312256,"z":-0.05509421229362488,"w":-0.7959262728691101},"size":147.3070068359375,"orthographic":false}