{"cameraMode":{"drawMode":0,"name":"Shaded","section":"Shading Mode"},"sceneLighting":true,"audioPlay":false,"sceneViewState":{"showFog":true,"showMaterialUpdate":false,"showSkybox":true,"showFlares":true,"showImageEffects":true,"showParticleSystems":true},"in2DMode":false,"pivot":{"x":-879.8485717773438,"y":-825.4745483398438,"z":1857.847900390625},"rotation":{"x":0.18237248063087464,"y":-0.21056658029556275,"z":0.04001765698194504,"w":0.95960533618927},"size":1230.5269775390625,"orthographic":false}