{"cameraMode":{"drawMode":0,"name":"Shaded","section":"Shading Mode"},"sceneLighting":true,"audioPlay":false,"sceneViewState":{"showFog":true,"showMaterialUpdate":false,"showSkybox":true,"showFlares":true,"showImageEffects":true,"showParticleSystems":true},"in2DMode":false,"pivot":{"x":287.478759765625,"y":-97.34869384765625,"z":-102.05380249023438},"rotation":{"x":0.17326417565345765,"y":-0.25387272238731387,"z":0.04627259820699692,"w":0.9504799842834473},"size":263.3368225097656,"orthographic":false}