{"cameraMode":{"drawMode":0,"name":"Shaded","section":"Shading Mode"},"sceneLighting":true,"audioPlay":false,"sceneViewState":{"showFog":true,"showMaterialUpdate":false,"showSkybox":true,"showFlares":true,"showImageEffects":true,"showParticleSystems":true},"in2DMode":false,"pivot":{"x":94.691162109375,"y":-10.39903450012207,"z":74.22285461425781},"rotation":{"x":-0.033809054642915729,"y":-0.8683455586433411,"z":0.491214394569397,"w":-0.059754930436611179},"size":3.99114727973938,"orthographic":false}