{"cameraMode":{"drawMode":0,"name":"Shaded","section":"Shading Mode"},"sceneLighting":true,"audioPlay":false,"sceneViewState":{"showFog":true,"showMaterialUpdate":false,"showSkybox":true,"showFlares":true,"showImageEffects":true,"showParticleSystems":true},"in2DMode":false,"pivot":{"x":626.6923217773438,"y":259.72076416015627,"z":-24.66949462890625},"rotation":{"x":0.0003097690059803426,"y":0.005994834005832672,"z":-0.000008296544365293812,"w":0.9999936819076538},"size":287.7242126464844,"orthographic":false}